,title,description,content,url,publishedAt,source
0,"UK Finance wants banks to limit digital pound holdings to £5,000","Earlier this year, the Bank of England and the UK finance ministry published a consultation paper for the design of … Continued
The post UK Finance wants banks to limit digital pound holdings to £5,000 appeared first on Finbold.","Earlier this year, the Bank of England and the UK finance ministry published a consultation paper for the design of a central bank digital currency (CBDC). 
At the time, the officials said that a di… [+1825 chars]",https://finbold.com/uk-finance-wants-banks-to-limit-digital-pound-holdings-to-5000/,2023-07-04T09:42:28Z,Finbold.com
1,Why fiat payment gateways should add cryptocurrency,"Online commerce has evolved significantly in recent years. Today, you can order pretty much everythi...","Online commerce has evolved significantly in recent years. Today, you can order pretty much everything online from mouth-watering food to a nose-picking pencil sharpener and everything in between. Co… [+4908 chars]",https://www.finextra.com/blogposting/24453/why-fiat-payment-gateways-should-add-cryptocurrency,2023-07-04T09:26:34Z,Finextra
2,Chinese city of Jinan accepts CBDC payments for bus rides,"Jinan, the capital of eastern China’s Shandong Province, has begun encouraging the adoption of the country's central bank digital currency (CBDC) program by introducing the acceptance of digital yuan payments across all its bus routes. In its pilot phase, the…","Jinan, the capital of eastern Chinas Shandong Province, has begun encouraging the adoption of the country's central bank digital currency (CBDC) program by introducing the acceptance of digital yuan … [+305 chars]",https://biztoc.com/x/aa96ea2f6b563a76,2023-07-04T09:26:09Z,Biztoc.com
3,"Worldwide Factoring Services Market 2023-2030 by Category (Domestic, International), Type (Recourse, Non-Recourse), Financial Institution, End-use & Region","Dublin, July 04, 2023 (GLOBE NEWSWIRE) -- The ""Factoring Services Market Size, Share & Trends Analysis Report By Category (Domestic, International), By Type (Recourse, Non-Recourse), By Financial Institution, By End-use, By Region, And Segment Forecasts, 2023…","Dublin, July 04, 2023 (GLOBE NEWSWIRE) -- The ""Factoring Services Market Size, Share &amp; Trends Analysis Report By Category (Domestic, International), By Type (Recourse, Non-Recourse), By Financial… [+7367 chars]",https://www.globenewswire.com/news-release/2023/07/04/2698888/28124/en/Worldwide-Factoring-Services-Market-2023-2030-by-Category-Domestic-International-Type-Recourse-Non-Recourse-Financial-Institution-End-use-Region.html,2023-07-04T09:23:00Z,GlobeNewswire
4,Prediction: 10 Stocks That Will Have Trillion-Dollar Valuations by 2035,Hint: Neither Tesla nor Nvidia made the cut.,"If history demonstrates anything, it's that change is one of Wall Street's only constants. Looking back to the start of the century, only one of the 10 largest publicly traded companies by market cap… [+9311 chars]",https://www.fool.com/investing/2023/07/04/prediction-10-stocks-trillion-dollar-valuations/,2023-07-04T09:21:00Z,Motley Fool
5,BIS builds out 'game-changing' blueprint for the future monetary and financial system,"A novel type of financial infrastructure combining tokenised money and assets on a programmable platform could radically alter the global financial system, argues a new report from the Bank for International Settlements.","A novel type of financial infrastructure combining tokenised money and assets on a programmable platform could radically alter the global financial system, argues a new report from the Bank for Inter… [+1831 chars]",https://www.finextra.com/newsarticle/42587/bis-builds-out-game-changing-blueprint-for-the-future-monetary-and-financial-system,2023-07-04T09:20:14Z,Finextra
6,Chinese city of Jinan accepts CBDC payments for bus rides,Jinan is also incentivizing the use of CBDC payments for bus fares by providing up to six discounted rides per month for passengers.,"Jinan, the capital of eastern Chinas Shandong Province, has begun encouraging the adoption of the country's central bank digital currency (CBDC) program by introducing the acceptance of digital yuan … [+2009 chars]",https://cointelegraph.com/news/cbdc-legal-tender-in-chinese-city-jinan-for-bus-rides,2023-07-04T09:15:31Z,Cointelegraph
7,"Zimbabwe: RBZ Mops Up ZW$246,5 Billion Through Gold Backed Digital Tokens Sales","[New Zimbabwe] THE Reserve Bank of Zimbabwe (RBZ) latest Gold Backed Digital Tokens sales mopped up a total ZW$246,5 million going a step further in cleansing the market of bad excess cash normally used to fuel parallel market activities.","THE Reserve Bank of Zimbabwe (RBZ) latest Gold Backed Digital Tokens sales mopped up a total ZW$246,5 million going a step further in cleansing the market of bad excess cash normally used to fuel par… [+1545 chars]",https://allafrica.com/stories/202307040244.html,2023-07-04T09:12:46Z,AllAfrica - Top Africa News
8,Just Cause Mobile Cancelled,Upcoming free-to-play game Just Cause Mobile has been canceled by Square Enix ahead of its expected launch later this year.,"Square Enix has canceled Just Cause Mobile, its upcoming free-to-play game.
In a statement to VGC, Just Cause global brand lead Anne-Lou Grosbois-Favreau confirmed development has now been stopped o… [+2113 chars]",https://www.ign.com/articles/just-cause-mobile-cancelled,2023-07-04T09:00:50Z,IGN
9,Bitcoin Bulls Remain Optimistic Despite Low Liquidity Levels Ahead Of U.S. Independence Day,"As the U.S. celebrates Independence Day, Bitcoin (BTC) bulls are rubbing their hands in glee at the prospects of the asset surpassing its 52-week high.","<ul><li>Bitcoin could surpass its one-year high after finishing June on a positive note.</li><li>Experts say the decline in liquidity has the potential to result in an upward trend, as on-chain metri… [+2384 chars]",https://zycrypto.com/bitcoin-bulls-remain-optimistic-despite-low-liquidity-levels-ahead-of-u-s-independence-day/,2023-07-04T08:56:44Z,ZyCrypto
10,Gemini Issues Ultimatum: Threatens Legal Action Against DCG and Barry Silbert Over $630 Million Debt,"Gemini, the cryptocurrency exchange founded by Cameron and Tyler Winklevoss, has issued yet another open letter to Digital Currency Group (DCG) and its CEO, Barry Silbert. The letter, dated July 3, serves as a direct warning to DCG, stating that if they fail …","Gemini, the cryptocurrency exchange founded by Cameron and Tyler Winklevoss, has issued yet another open letter to Digital Currency Group (DCG) and its CEO, Barry Silbert. The letter, dated July 3, s… [+302 chars]",https://biztoc.com/x/86c3ec95c0f1af9d,2023-07-04T08:56:04Z,Biztoc.com
11,‘Best and final offer’: Winklevoss demands nearly $1.5B from DCG,"Gemini co-founder Cameron Winklevoss has delivered a “best and final offer” to Digital Currency Group (DCG) boss Barry Silbert over the Genesis Global Capital saga. In an open letter, Winklevoss again accused Silbert of failing to honor a $1.2 billion debt ow…","Gemini co-founder Cameron Winklevoss has delivered a best and final offer to Digital Currency Group (DCG) boss Barry Silbert over the Genesis Global Capital saga.In an open letter, Winklevoss again a… [+310 chars]",https://biztoc.com/x/e62153ab49289d84,2023-07-04T08:48:05Z,Biztoc.com
12,TRON Unveils HackaTRON S5 and Developer Community Event TRON Builder Tour,"Geneva, Switzerland, July 4th, 2023, ChainwireTRON DAO, BitTorrent Chain (BTTC), and Huobi Ventures proudly present HackaTRON Season 5 (S5), an incredible showcase of talent in the fast-paced world of blockchain technology. In tandem with the much-anticipated…","Geneva, Switzerland, July 4th, 2023, Chainwire
TRON DAO, BitTorrent Chain (BTTC), and Huobi Ventures proudly present HackaTRON Season 5 (S5), an incredible showcase of talent in the fast-paced world… [+6782 chars]",https://cryptodaily.co.uk/2023/07/tron-unveils-hackatron-s5-and-developer-community-event-tron-builder-tour,2023-07-04T08:40:05Z,Crypto Daily
13,Why is the Verge (XVG) price soaring? It’s up 295%,"At press time, the price of XVG token had soared 295% over the past seven days. The token was trading at $0.006906. The Verge’s market cap has also gone up by almost 400% over the past three weeks. What started as a slow steady bull case for the Verge (XVG) t…","Please be aware that some of the links on this site will direct you to the websites of third parties, some of whom are marketing affiliates and/or business partners of this site and/or its owners, op… [+2173 chars]",https://coinjournal.net/news/why-is-the-verge-xvg-price-soaring-its-up-295/,2023-07-04T08:39:38Z,Coinjournal.net
14,U.S. Rivals Are Challenging the Dollar. Stablecoins Could Help Defend It.,"New legislation to regulate stablecoins could help cement the dollar as the world's central currency, writes Corey Then.","About the author: Corey Then is vice president of global policy at Circle, a former member of the Obama administration, and a member of the Commodity Futures Trading Commission Technology Advisory Co… [+4757 chars]",https://www.barrons.com/articles/rivals-are-challenging-the-dollar-stablecoins-could-help-defend-it-a986273e,2023-07-04T08:06:39Z,Barron's
15,"UK Finance: Digital Pound Holdings Should Be Limited to £5,000 to Avoid Panic","U.K. Finance, one of the largest finance membership organizations in the U.K., has issued its recommendations to the Bank of England regarding the issuance of a digital pound. The organization stated that individual holdings of the proposed central bank digit…","U.K. Finance, one of the largest finance membership organizations in the U.K., has issued its recommendations to the Bank of England regarding the issuance of a digital pound. The organization stated… [+309 chars]",https://biztoc.com/x/343bb3c82a7e0c22,2023-07-04T08:04:05Z,Biztoc.com
16,Bitcoin-Kurs (BTC) aktuell: BlackRock reicht erneut Bitcoin-ETF-Antrag ein,Die Deutsche Bank beantragt eine Genehmigung für die Verwahrung von digitalen Vermögenswerten. Bitcoin nähert sich einer wichtigen Marke. Aktuelle News und Nachrichten von heute im Bitcoin-Blog.,Hier sehen Sie den aktuellen Bitcoin-Kurs in US-Dollar und in Realtime. Der tatsächliche Wert kann daher von den im Text genannten Kursen abweichen. Zusätzlich können Sie sich auch historische Kurse … [+119104 chars],https://www.wiwo.de/finanzen/boerse/bitcoin-kurs-btc-aktuell-blackrock-reicht-erneut-bitcoin-etf-antrag-ein/27382428.html,2023-07-04T07:28:00Z,Wirtschafts Woche
17,3AC Founders Pledge To Donate OPNX Future Earnings To Creditors,"3AC co-founders, Kyle Davies and Su Zhu, once at the helm of a now-bankrupt hedge fund, have embarked on a new journey in the realm of cryptocurrencies with their recent launch of the crypto exchange OPNX. Amid the shadows of their past, they are determined t…","3AC co-founders, Kyle Davies and Su Zhu, once at the helm of a now-bankrupt hedge fund, have embarked on a new journey in the realm of cryptocurrencies with their recent launch of the crypto exchange… [+2749 chars]",https://bitcoinist.com/3ac-founders-to-donate-earnings-to-creditors/,2023-07-04T07:22:33Z,Bitcoinist
18,Fitness App Market size to grow by USD 45.16 billion from 2022 to 2027|Increasing awareness about the benefits of a healthy lifestyle to boost the market growth - Technavio,"NEW YORK, July 4, 2023 /PRNewswire/ -- The fitness app market size is set to grow by USD 45.16 billion between 2022 and 2027 and register an accelerating CAGR of 17.1%, according to Technavio's latest market research report estimates. With a focus on identify…","NEW YORK, July 4, 2023 /PRNewswire/ -- The fitness app market size is set to grow by USD 45.16 billion between 2022 and 2027 and register an accelerating CAGR of  17.1%, according to Technavio's late… [+25869 chars]",https://www.prnewswire.com/news-releases/fitness-app-market-size-to-grow-by-usd-45-16-billion-from-2022-to-2027increasing-awareness-about-the-benefits-of-a-healthy-lifestyle-to-boost-the-market-growth---technavio-301869029.html,2023-07-04T07:15:00Z,PRNewswire
19,"Bitcoin crosses $31,000, and Galaxy Digital’s CIO shares crypto outlook for Q3: CNBC Crypto World",CNBC Crypto World features the latest news and daily trading updates from the digital currency markets and provides viewers ...,"CNBC Crypto World features the latest news and daily trading updates from the digital currency markets and provides viewers ...
This story appeared on youtube.com, .",https://biztoc.com/x/2edc2feb77211d94,2023-07-04T07:00:11Z,Biztoc.com
20,Renewed Crypto Drama: Gemini’s Winklevoss Threatens DCG With Lawsuit Within 72 Hours,"In a recent open letter addressed to Barry Silbert, the CEO of Digital Currency Group (DCG), Cameron Winklevoss, co-founder of the popular cryptocurrency exchange Gemini, has reignited the ongoing saga surrounding the alleged fraudulent behavior of DCG and it…","In a recent open letter addressed to Barry Silbert, the CEO of Digital Currency Group (DCG), Cameron Winklevoss, co-founder of the popular cryptocurrency exchange Gemini, has reignited the ongoing sa… [+312 chars]",https://biztoc.com/x/b383bcc7765a0274,2023-07-04T06:20:04Z,Biztoc.com
21,Banks summoned by FCA over savings rates - latest updates,Bank chiefs have been summoned by regulators to answer questions on concerns that the rates offered to savers are lagging behind surging mortgage costs.,"Bank bosses have reportedly been summoned to a meeting with the FCA this week - REUTERS/Hannah McKay
Bank chiefs have been summoned by regulators to answer questions on concerns that the rates offer… [+6443 chars]",https://www.telegraph.co.uk/business/2023/07/04/ftse-100-market-news-fca-profiteering-lloyds-bank-natwest/,2023-07-04T06:12:09Z,Telegraph.co.uk
22,Renewed Crypto Drama: Gemini’s Winklevoss Threatens DCG With Lawsuit Within 72 Hours,"In a recent open letter addressed to Barry Silbert, the CEO of Digital Currency Group (DCG), Cameron Winklevoss, co-founder of the popular cryptocurrency exchange Gemini, has reignited the ongoing saga surrounding the alleged fraudulent behavior of DCG and it…","In a recent open letter addressed to Barry Silbert, the CEO of Digital Currency Group (DCG), Cameron Winklevoss, co-founder of the popular cryptocurrency exchange Gemini, has reignited the ongoing sa… [+3641 chars]",https://bitcoinist.com/gemini-vs-dcg-winklevoss-lawsuit-within-72-hours/,2023-07-04T06:10:04Z,Bitcoinist
23,Cameron Winklevoss Offers $1.4B Deal to Resolve Conflict With DCG Founder,"The Digital Currency Group has been sent a letter by Gemini co-founder Cameron Winklevoss. The deal consists of three payments, amounting to a total of $1.4 billion. Gemini co-founder Cameron Winklevoss has put up a $1.4 billion deal to resolve the heated con…","The Digital Currency Group has been sent a letter by Gemini co-founder Cameron Winklevoss. The deal consists of three payments, amounting to a total of $1.4 billion.Gemini co-founder Cameron Winklevo… [+310 chars]",https://biztoc.com/x/075799c5d88b5cd6,2023-07-04T06:08:04Z,Biztoc.com
24,Augmentum Fintech Plc - Augmentum Fintech plc Annual Report 2023,"(marketscreener.com) 

4 July 2023
Augmentum Fintech plc
Annual Financial Report for the year ended 31 March 2023
 
Augmentum Fintech plc , Europe’s leading publicly listed fintech fund, announces its audited Annual Results for the year ended 31 March 2023. 
…","4 July 2023
Augmentum Fintech plc
Annual Financial Report for the year ended 31 March 2023
Augmentum Fintech plc (LSE: AUGM) (the “Company” or “Augmentum”), Europe’s leading publicly listed fintec… [+199332 chars]",https://www.marketscreener.com/quote/stock/AUGMENTUM-FINTECH-PLC-42096835/news/Augmentum-Fintech-Plc-Augmentum-Fintech-plc-Annual-Report-2023-44257378/,2023-07-04T06:02:10Z,Marketscreener.com
25,"Crypto Market Watch: Bitcoin, Ether See Minor Profits Despite Market Remaining Lacklustre Overall","The crypto market, in the last 24 hours, rose by 0.89 percent with Bitcoin and Ether bagging small but significant gains. Dogecoin, Tron, and Polygon recorded gains alongside BTC and ETH. Polkadot and Chinlink meanwhile, recorded small losses on the crypto pr…","Bitcoin on Tuesday, July 4 reflected a profit of 1.32 percent to trade at the price point of $31,226 (roughly Rs. 25.5 lakh). While the overall crypto market continues to show losses next to every al… [+3472 chars]",https://www.gadgets360.com/cryptocurrency/news/bitcoin-ether-price-today-usd-profits-market-remains-lacklustre-4175541,2023-07-04T05:19:52Z,Gadgets360.com
26,Winklevoss slams DCG's Silbert,Crypto exchange Gemini founder and CEO Cameron Winklevoss is again threatening to sue Digital Currency Group and its CEO Barry Silbert over delays in the resolution of Genesis for its Earn customers while slamming the CEOfor allegedly trying to play the victi…,Crypto exchange Gemini founder and CEO Cameron Winklevoss is again threatening to sue Digital Currency Group and its CEO Barry Silbert over delays in the resolution of Genesis for its Earn customers … [+307 chars],https://biztoc.com/x/858f09c9e3ba3295,2023-07-04T05:14:11Z,Biztoc.com
27,Winklevoss slams DCG's Silbert — Not even SBF was 'capable of such delusion',"Gemini CEO Cameron Winklevoss has published an open letter aimed at DCG and Barry Silbert, urging them to stop the delays and stump up the $1.2 billion owed to Gemini's 232,000 Earn customers.",Crypto exchange Gemini founder and CEO Cameron Winklevoss is again threatening to sue Digital Currency Group and its CEO Barry Silbert over delays in the resolution of Genesis for its Earn customers … [+2877 chars],https://cointelegraph.com/news/cameron-winklevoss-open-letter-barry-silbert-final-offer,2023-07-04T05:07:25Z,Cointelegraph
28,The dysfunctions of society basically stem from a lack of trust,"Uldis Sprogis uldissprogis@gmail.com

Whom do you trust? We generally consider a human to be trustworthy if they are moral or ethical, are honest, dependable, competent, friendly, and can communicate well. Take away some or most of these personalit...","Uldis Sprogis uldissprogis@gmail.com
Whom do you trust? We generally consider a human to be trustworthy if they are moral or ethical, are honest, dependable, competent, friendly, and can communicate… [+3953 chars]",https://www.americanthinker.com/blog/2023/07/the_dysfunctions_of_society_basically_stem_from_a_lack_of_trust.html,2023-07-04T05:00:00Z,Americanthinker.com
29,Senco Gold sees IPO proceeds to add shine to growth ambitions amid India's rising shift to organised market,"Senco Gold, a jewelry retailer in India, plans to expand its footprint across the country, particularly in the east and north regions. The company believes that government regulations and changing demographics are helping organised players gain market share. …","Jewellery retailer Senco Gold, whose initial public offer opened for bids today, will continue to spread its footprint across India, with particular focus on the east and northern part, and they are … [+6734 chars]",https://economictimes.indiatimes.com/industry/cons-products/fashion-/-cosmetics-/-jewellery/senco-gold-sees-ipo-proceeds-to-add-shine-to-growth-ambitions-amid-indias-rising-shift-to-organised-market/articleshow/101474979.cms,2023-07-04T04:53:02Z,The Times of India
30,Bitcoin Trounced Stocks in the First Half. What Comes Next.,"After plumbing multiyear lows in late 2022, Bitcoin ripped more than 80% higher in the first half of 2023, defying expectations and regulatory pressures.","Bitcoin
 rose 84% between the start of January and end of June. It rose above $30,000 its best first six months since 2019, when it began the year below $3,500. The largest digital asset trounced st… [+6466 chars]",https://www.barrons.com/articles/bitcoin-cryptos-stocks-forecasts-112d416a,2023-07-04T04:11:48Z,Barron's
31,Gemini’s Winklevoss demands $1.47 billion payment from DCG in ‘final offer’,"Cameron Winklevoss, co-founder of crypto exchange Gemini, issued a “final offer” to Barry Silbert, founder of Digital Currency Group (DCG), to repay a total debt of $1.46 billion or risk a lawsuit. In an open letter published Monday on Twitter, Winklevoss sai…","Cameron Winklevoss, co-founder of crypto exchange Gemini, issued a final offer to Barry Silbert, founder of Digital Currency Group (DCG), to repay a total debt of $1.46 billion or risk a lawsuit.In a… [+304 chars]",https://biztoc.com/x/d437a8ede8ead9b8,2023-07-04T04:02:05Z,Biztoc.com
32,"Gemini Co-Founder Says SEC’s Adamancy to Approve Bitcoin Spot ETF Is a Disaster, Here’s Why","Gemini co-founder Cameron Winklevoss has called out the US Securities and Exchanges Commission (SEC) for pushing investors into toxic products.  In his July 2 tweet, Winklevoss said the SEC’s refusal...
The post Gemini Co-Founder Says SEC’s Adamancy to Approv…","Gemini co-founder Cameron Winklevoss has called out the US Securities and Exchanges Commission (SEC) for pushing investors into toxic products. 
In his July 2 tweet, Winklevoss said the SECs refusal… [+2876 chars]",https://techreport.com/crypto-news/gemini-co-founder-says-secs-adamancy-to-approve-bitcoin-spot-etf-is-a-disaster-heres-why/,2023-07-04T03:33:44Z,Techreport.com
33,Gemini's Cameron Winklevoss Tweets $1.5B 'Final Offer' in Debt Talks Over Crypto Firm Genesis,"Creditors of the crypto financial firm Genesis call for $1.5 billion of forbearance payments and loans denominated in dollars, bitcoin and ether, according...","Cameron Winklevoss, co-founder of the Gemini crypto exchange, tweeted what he described as a ""final offer"" in the debt-restructuring talks over the bankrupt digital-asset firm Genesis, bringing month… [+1682 chars]",https://finance.yahoo.com/news/geminis-cameron-winklevoss-tweets-1-015937677.html,2023-07-04T01:59:37Z,Yahoo Entertainment
34,Gemini's Cameron Winklevoss Tweets $1.5B 'Final Offer' in Debt Talks Over Crypto Firm Genesis,"Creditors of the crypto financial firm Genesis propose a package $1.5 billion of forbearance payments and loans denominated in dollars, bitcoin and ether, according to a term sheet posted on Twitter by the Gemini co-founder.","Cameron Winklevoss, co-founder of the Gemini crypto exchange, tweeted what he described as a ""final offer"" in the debt-restructuring talks over the bankrupt digital-asset firm Genesis, bringing month… [+1709 chars]",https://www.coindesk.com/business/2023/07/04/geminis-cameron-winklevoss-tweets-15b-final-offer-in-debt-talks-over-crypto-firm-genesis/,2023-07-04T01:59:37Z,CoinDesk
35,The Thermometers Market will Accelerate at a CAGR of 8.86% from 2022 to 2027|Rising demand for highly efficient thermometers to boost market growth- Technavio,"NEW YORK, July 3, 2023 /PRNewswire/ -- The thermometers market size is estimated to grow at a CAGR of 8.86% between 2022 and 2027. The size of the market is forecast to increase by USD 881.49 million, according to Technavio. Download a Sample Report! Thermome…","NEW YORK, July 3, 2023 /PRNewswire/ -- The thermometers market size is estimated to grow at a CAGR of 8.86% between 2022 and 2027. The size of the market is forecast to increase by USD 881.49 million… [+27497 chars]",https://www.prnewswire.com/news-releases/the-thermometers-market-will-accelerate-at-a-cagr-of-8-86-from-2022-to-2027rising-demand-for-highly-efficient-thermometers-to-boost-market-growth--technavio-301868296.html,2023-07-04T01:45:00Z,PRNewswire
36,Anthony Pompliano expects SEC to eventually approve a Spot Bitcoin ETF,Pompliano says underlying fundamentals of Bitcoin are strengthening. He expects a Spot Bitcoin ETF to be a meaningful catalyst for BTC. Bitcoin is currently up a whopping 85% versus the start of the year. Anthony Pompliano agrees that Bitcoin could see fricti…,"Please be aware that some of the links on this site will direct you to the websites of third parties, some of whom are marketing affiliates and/or business partners of this site and/or its owners, op… [+2173 chars]",https://coinjournal.net/news/anthony-pompliano-sec-approve-spot-bitcoin-etf/,2023-07-04T01:16:45Z,Coinjournal.net
37,GIFT City to deepen India's integration with global finance,"Under this arrangement, trades will be routed to NSE International Exchange (NSE IX) GIFT City from the SGX for trading and execution. This is a big step forward in GIFT City's journey to emerge as a leading international financial service centre and will sig…","This week, following twenty-two years of servicing international investors and representing more than half of the offshore open interest in Indian equity index the Singapore Stock Exchange Nifty (SGX… [+4201 chars]",https://economictimes.indiatimes.com/markets/stocks/news/gift-city-to-deepen-indias-integration-with-global-finance/articleshow/101470287.cms,2023-07-04T01:08:55Z,The Times of India
38,Cryptoâs dream of an embrace by China gets a reality check,Industry executives including Circle Internet Financial Ltd. Chief Executive Jeremy Allaire have seized on Beijingâs quiet backing of Hong Kongâs push to become a crypto hub to argue that the mainland may reverse its policy.,"A shakeup at Chinas central bank has poured cold water on speculation that the nation may be about to loosen a ban on digital-asset trading.
Industry executives including Circle Internet Financial L… [+4080 chars]",https://www.moneycontrol.com/news/world/cryptos-dream-of-an-embrace-by-china-gets-a-reality-check-10898721.html,2023-07-04T00:53:28Z,Moneycontrol
39,"Transactional and Marketing Emails Market is to grow by USD 14,104.14 million from 2022 to 2027|Growing focus on engaging the audience through email marketing to boost the market growth - Technavio","NEW YORK, July 3, 2023 /PRNewswire/ -- The transactional and marketing emails market is estimated to grow by USD 14,104.14 million from 2022-2027, growing at a CAGR of 13.11%. APAC is estimated to account for 44% of the growth during the forecast period. Tech…","NEW YORK, July 3, 2023 /PRNewswire/ -- The transactional and marketing emails market is estimated to grow by USD 14,104.14 million from 2022-2027, growing at a CAGR of 13.11%. APAC is estimated to ac… [+29578 chars]",https://www.prnewswire.com/news-releases/transactional-and-marketing-emails-market-is-to-grow-by-usd-14-104-14-million-from-2022-to-2027growing-focus-on-engaging-the-audience-through-email-marketing-to-boost-the-market-growth---technavio-301868287.html,2023-07-04T00:45:00Z,PRNewswire
40,X-23: Deadly Regenesis #5 Preview: Laura's Debt Collection Nightmare,"I hope you're all strapped in for next week's release, because it seems like Marvel's ""X-23: Deadly Regenesis #5"" has taken a page out—not from its flashiest superheroes or darkest villains—but from the mundane horrors of real-world debt collection. Yes, you …","Posted in: Comics, Marvel Comics, Preview | Tagged: x-23, x-men
In X-23: Deadly Regenesis #5, the past is a henchman with no sense of personal space. Kiss your paychecks goodbye!
I hope you're all … [+6358 chars]",https://bleedingcool.com/comics/x-23-deadly-regenesis-5-preview-lauras-debt-collection-nightmare/,2023-07-04T00:27:08Z,Bleeding Cool News
41,Education Consulting Market to grow at a CAGR of 5.37% from 2022 to 2027|Evolving role of educational technologies to be a major trend in the market - Technavio,"NEW YORK, July 3, 2023 /PRNewswire/ -- The global education consulting market is estimated to grow by USD 677.89 million from 2022 to 2027, according to Technavio. The market is estimated to grow at a CAGR of 5.37% during the forecast period. Download a Sampl…","NEW YORK, July 3, 2023 /PRNewswire/ -- The global education consulting market is estimated to grow by USD 677.89 million from 2022 to 2027, according to Technavio. The market is estimated to grow at … [+26016 chars]",https://www.prnewswire.com/news-releases/education-consulting-market-to-grow-at-a-cagr-of-5-37-from-2022-to-2027evolving-role-of-educational-technologies-to-be-a-major-trend-in-the-market---technavio-301868268.html,2023-07-04T00:15:00Z,PRNewswire
42,Crypto’s Dream of an Embrace by China Gets a Reality Check,(Bloomberg) -- A shakeup at China’s central bank has poured cold water on speculation that the nation may be about to loosen a ban on digital-asset...,"(Bloomberg) -- A shakeup at Chinas central bank has poured cold water on speculation that the nation may be about to loosen a ban on digital-asset trading.
Most Read from Bloomberg
Industry executi… [+4104 chars]",https://finance.yahoo.com/news/crypto-dream-embrace-china-gets-090649991.html,2023-07-03T22:56:58Z,Yahoo Entertainment
43,Coffezilla Calls Out Logan Paul For Failing To Refund CryptoZoo Victims,"When cryptocurrencies really began to gain traction, everyone jumped on board. Many celebrities, musicians, artists, and even industry titans began to invest in cryptocurrencies. Jake Paul and Logan Paul were no exception, as they both clearly brought their b…","When cryptocurrencies really began to gain traction, everyone jumped on board. Many celebrities, musicians, artists, and even industry titans began to invest in cryptocurrencies. Jake Paul and Logan … [+282 chars]",https://biztoc.com/x/de747a2955feffaf,2023-07-03T20:40:04Z,Biztoc.com
44,"Europe Dominates Global Crypto Employment Landscape, Here’s Why","Patrick Hansen, Director of Strategy and Policy for Circle Internet Financial’s European operations, has underlined Europe’s predilection for embracing the crypto. The Circle executive explained that with an environment that’s not just “tolerant” but “proacti…","Patrick Hansen, Director of Strategy and Policy for Circle Internet Financials European operations, has underlined Europe’s predilection for embracing the crypto. The Circle executive explained that … [+3105 chars]",https://bitcoinist.com/europe-dominates-global-crypto-employment/,2023-07-03T20:30:07Z,Bitcoinist
45,Bitfarms : MATERIAL CHANGE REPORT - Form 6-K,"(marketscreener.com) 
 MATERIAL CHANGE REPORT
 
 
 Name and Address of Company
 
 
 Bitfarms Ltd. 
 
 
 18 King Street East, Suite 902
 
 
 Toronto, Ontario M5C 1C4
 
 
 Date of Material Change
 
 
 July 3, 2023.
 
 
 News Release
 
 
 The press release attac…","MATERIAL CHANGE REPORT
Name and Address of Company
Bitfarms Ltd. (""Bitfarms"" or the ""Company"")
18 King Street East, Suite 902
Toronto, Ontario M5C 1C4
Date of Material Change
July 3, 2023.
New… [+18311 chars]",https://www.marketscreener.com/quote/stock/BITFARMS-LTD-62037823/news/Bitfarms-MATERIAL-CHANGE-REPORT-Form-6-K-44255597/,2023-07-03T20:06:03Z,Marketscreener.com
46,How Facebook stalking and listening to your gut could help keep you safe from home invaders,"Ever sold something on Facebook marketplace or Gumtree? Without knowing it, you might've put yourself in danger. Here's how to stay safe when selling items online.","Sellers are being warned to protect their safety following a burglary which police described as ""savage"" and ""ferocious""  after a Facebook marketplace meet-up. 
Key points:
<ul><li>Police say there… [+4766 chars]",https://www.abc.net.au/news/2023-07-04/what-can-you-do-to-protect-yourself-when-selling-online/102555278,2023-07-03T19:57:34Z,ABC News (AU)
47,"130 Countries Race Toward CBDC System, With Most Already in ‘Advanced Phases’: Research","The majority of countries are now accelerating toward building their central bank digital currency (CBDC) systems, and most of them are already nearing the finish line, according to new research. A report from the D.C.-based think tank Atlantic Council says t…","The majority of countries are now accelerating toward building their central bank digital currency (CBDC) systems, and most of them are already nearing the finish line, according to new research.A re… [+285 chars]",https://biztoc.com/x/4494a234cc0dc220,2023-07-03T19:56:04Z,Biztoc.com
48,"130 Countries Race Toward CBDC System, With Most Already in ‘Advanced Phases’: Research","The majority of countries are now accelerating toward building their central bank digital currency (CBDC) systems, and most of them are already nearing the finish line, according to new research. A report from the D.C.-based think tank Atlantic Council says t…","The majority of countries are now accelerating toward building their central bank digital currency (CBDC) systems, and most of them are already nearing the finish line, according to new research.
A … [+2353 chars]",https://dailyhodl.com/2023/07/03/130-countries-race-toward-cbdc-system-with-most-already-in-advanced-phases-research/,2023-07-03T19:55:17Z,The Daily Hodl
49,How many followers you need on TikTok to get paid as a content creator,Here's how many followers you need to get paid on TikTok. You can make money by using the app's monetization features or working with brands and music marketers.,"TikTok influencer Yusuf Panseri.Miguel Medina/AFP via Getty Images.
<ul>
<li>TikTok has exploded in popularity and some users are looking for ways to cash in.</li>
<li>Creators turn to TikTok's buil… [+10870 chars]",https://www.businessinsider.com/how-many-followers-on-tiktok-to-get-paid,2023-07-03T19:23:53Z,Business Insider
50,Will the US Dollar be Replaced by the Yuan?,"As de-dollarization is gaining steam, global investors are increasingly looking at the Chinese yuan as a potential future replacement for the greenback.","When simply knowing is not enough: if you want to be well-informed about political, socio-economic and military affairs all over the world, dig deeper with Sputnik!
https://sputnikglobe.com/20230703… [+19275 chars]",https://sputnikglobe.com/20230703/will-the-us-dollar-be-replaced-by-the-yuan-1111643891.html,2023-07-03T18:40:32Z,Sputnikglobe.com
51,Mastercard chief digital officer believes tokenization needs TradFi rules to go mainstream,"Mastercard believes that blockchain technology can revolutionize payments, but it needs “financially-regulated applications” and “central bank-backed money” to achieve mainstream adoption, according to chief digital officer Jorn Lambert. In an interview with …","Mastercard believes that blockchain technology can revolutionize payments, but it needs “financially-regulated applications” and “central bank-backed money” to achieve mainstream adoption, according … [+3114 chars]",https://cryptoslate.com/mastercard-chief-digital-officer-believes-tokenization-needs-tradfi-level-to-go-mainstream/,2023-07-03T18:30:32Z,CryptoSlate
52,New Just Cause Game Canceled Before Full Release,Square Enix has announced that its free-to-play Just Cause game for mobile devices is being discontinued before its official global release.Just Cause Mobile was announced at The Game Awards 2020 and promised a story campaign with co-op missions and competiti…,"Square Enix has announced that its free-to-play Just Cause game for mobile devices is being discontinued before its official global release.
Just Cause Mobile was announced at The Game Awards 2020 a… [+1702 chars]",https://www.gamespot.com/articles/new-just-cause-game-canceled-before-full-release/1100-6515649/,2023-07-03T18:30:00Z,GameSpot
53,How Central Bankers Are Reshaping the Definition of Money,"Central bankers acknowledge that the nature of money evolves with technology, shifting definitions of money with it. But they’re not ready to let innovation occur organically as technology emerges. They want to maintain control, says Noelle Acheson.",Those of us who have been following the evolution of bitcoin for some time now will have lost count of the number of times weve been told but its not money! Critics trot out the textbook definition o… [+7753 chars],https://www.coindesk.com/consensus-magazine/2023/07/03/how-central-bankers-are-reshaping-the-definition-of-money/,2023-07-03T18:22:15Z,CoinDesk
54,Bitcoin Bulls Are Testing The Year’s High Amid Light Market Liquidity,(Bloomberg) -- Bitcoin bulls are seeking to take advantage of light market liquidity ahead of the July 4 holiday to push the price of the digital currency to...,"(Bloomberg) -- Bitcoin bulls are seeking to take advantage of light market liquidity ahead of the July 4 holiday to push the price of the digital currency to another high for the year.
Most Read fro… [+1412 chars]",https://finance.yahoo.com/news/bitcoin-bulls-testing-high-amid-181539217.html,2023-07-03T18:15:39Z,Yahoo Entertainment
55,Sunak’s Britcoin ambitions hit by huge public backlash,Rishi Sunak’s ambition to turn the UK into a digital currency hub has been dealt a blow following a public backlash over plans to introduce a virtual...,"Rishi Sunak first proposed the introduction of a central bank digital currency when he was Chancellor - Frank Augstein/PA
Rishi Sunaks ambition to turn the UK into a digital currency hub has been de… [+4971 chars]",https://www.telegraph.co.uk/business/2023/07/03/sunaks-britcoin-ambitions-hit-by-huge-public-backlash/,2023-07-03T17:56:14Z,Telegraph.co.uk
56,Elon Musk Really Broke Twitter This Time,The social network has never seen chaos quite like this.,"Twitter may have just had its worst weekend ever, technically speaking. In response to a series of server emergencies, Elon Musk, the Twitter owner and self-professed free-speech “absolutist,” decide… [+5997 chars]",https://www.theatlantic.com/technology/archive/2023/07/twitter-outage-elon-musk-user-restrictions/674609/?utm_source=feed,2023-07-03T17:52:09Z,The Atlantic
57,Spain’s Shoot Scene Sees Incentives Effect As Ever Greater Demands Are Made on Film Commissions,"Money talks. On Jan.1, Bizkaia, the Basque Country province, introduced new tax breaks with one of – if not the – highest deduction rate in the world: up to 70%. No other rate registered in Olswang-SPI’s Global Incentives Index 2023 reaches such heights. Also…","Money talks. On Jan.1, Bizkaia, the Basque Country province, introduced new tax breaks with one of – if not the – highest deduction rate in the world: up to 70%. No other rate registered in Olswang-S… [+6984 chars]",https://variety.com/2023/tv/global/muted-spain-tax-incentives-1235660651/,2023-07-03T17:24:36Z,Variety
58,"Why Alibaba, JD.com, and Other Chinese Stocks Rallied This Morning",The prospect of additional support from China's central bank helped fuel a rally.,"What happened
Stocks of some of China's most popular companies were squarely in rally mode Monday, as the country's central bank signaled further support for the ongoing economic recovery.
With tha… [+3120 chars]",https://www.fool.com/investing/2023/07/03/why-alibaba-jd-and-other-chinese-stocks-rallied-th/,2023-07-03T17:17:55Z,Motley Fool
59,"After 1,000 days and $500, Genshin Impact is more than just my favorite open-world game","I never thought I'd get so attached to Genshin Impact, but now I don't want to leave","In January 2021, I wrote about what 100 days and $60 got me in Genshin Impact
, with the gist being: a lot of fun. January 2021 me had no idea what he was getting into. As of June 27, 2023, I've bee… [+11600 chars]",https://www.gamesradar.com/after-1000-days-and-dollar500-genshin-impact-is-more-than-just-my-favorite-open-world-game/,2023-07-03T17:00:11Z,GamesRadar+
60,Thailand introduces new digital asset service providers’ regulations,Thailand’s SEC has introduced new regulations ensuring investor protection from digital asset service providers. Digital asset providers will also not be able to provide digital assets deposited by users for loans or investments. The new regulations require p…,"Please be aware that some of the links on this site will direct you to the websites of third parties, some of whom are marketing affiliates and/or business partners of this site and/or its owners, op… [+2173 chars]",https://coinjournal.net/news/thailand-introduces-new-digital-asset-service-providers-regulations/,2023-07-03T16:50:37Z,Coinjournal.net
61,"Nail Care Products Market size is estimated to grow by USD 6,775.51 million from 2022 to 2027|Availability of non-toxic solutions for nail care is one of the key drivers -Technavio","NEW YORK, July 3, 2023 /PRNewswire/ -- The nail care products market size is forecast to increase by USD 6,775.51 million from 2022 to 2027, at a CAGR of 5.01%, according to the recent market study by Technavio. The growth of the market will be driven by the …","NEW YORK, July 3, 2023 /PRNewswire/ -- The nail care products market size is forecast to increase by USD  6,775.51 million from 2022 to 2027, at a CAGR of 5.01%, according to the recent market study … [+29063 chars]",https://www.prnewswire.com/news-releases/nail-care-products-market-size-is-estimated-to-grow-by-usd-6-775-51-million-from-2022-to-2027availability-of-non-toxic-solutions-for-nail-care-is-one-of-the-key-drivers--technavio-301868199.html,2023-07-03T16:45:00Z,PRNewswire
62,"Revolut to delist Polygon, Solana and Cardano","Revolut is taking the step after its US-based partner Bakkt recently delisted the tokens. MATIC, ADA and SOL will however still be available on Revolut across other markets. Robinhood and eToro have recently also announced similar token delistings. Revolut wi…","Please be aware that some of the links on this site will direct you to the websites of third parties, some of whom are marketing affiliates and/or business partners of this site and/or its owners, op… [+2173 chars]",https://coinjournal.net/news/revolut-to-delist-polygon-solana-and-cardano/,2023-07-03T16:40:28Z,Coinjournal.net
63,CBN seeks FUTA’s partnership on eNaira,"The Central Bank of Nigeria on Monday sought the partnership of the Federal University of Technology, Akure, Ondo State, in adopting the newly introduced digital currency known as eNaira. The apex bank urged the university to adopt the new system for financia…","The Central Bank of Nigeria on Monday sought the partnership of the Federal University of Technology, Akure, Ondo State, in adopting the newly introduced digital currency known as eNaira.
The apex b… [+3117 chars]",https://punchng.com/cbn-seeks-futas-partnership-on-enaira/,2023-07-03T16:29:36Z,The Punch
64,World's Oldest Operational Coin Mint Opens Doors to New NFT Exhibit in Paris,"Founded in AD 864, La Monnaie de Paris is now turning its attention to the future of money and art.","What do you get when you cross a 1,100-year-old coin mint with the future of digital art?
Frances la Monnaie de Paris, the worlds oldest active monetary institutionknown for its centuries-old tradit… [+7358 chars]",https://decrypt.co/147139/worlds-oldest-operational-coin-mint-opens-doors-new-nft-exhibit-in-paris,2023-07-03T16:18:25Z,Decrypt
65,Regulatory headwinds force Sam Altman-backed stablecoin Reserve to halt key services in Venezuela and five other countries,"The U.S. firm has been a bright spot for crypto adoption in the inflation-ravaged Venezuela, although it is facing operating challenges.","On Monday, the U.S.-based stablecoin company Reserve announced it would be suspending the deposit and withdrawal of local currency in Venezuela, where it has around 500,000 users, along with five oth… [+6351 chars]",https://fortune.com/crypto/2023/07/03/sam-altman-stablecoin-reserve-venezuela-ofac/,2023-07-03T16:00:00Z,Fortune
66,Belarus Looks to Ban Peer-to-Peer Crypto Transactions to Reduce Fraud,The east European country is working on legislation to make it harder for fraudsters to get their hands on the proceeds of crime.,"Please note that ourprivacy policy,terms of use,cookies, anddo not sell my personal informationhas been updated.
The leader in news and information on cryptocurrency, digital assets and the future o… [+538 chars]",https://www.coindesk.com/policy/2023/07/03/belarus-looks-to-ban-peer-to-peer-crypto-transactions-to-reduce-fraud/,2023-07-03T15:14:28Z,CoinDesk
67,Ant Group Expands Payments Partnership With Italy’s Tinaba,"Alipay and Tinaba have expanded their partnership to help Italian travelers make payments in Asia. Tinaba, a Milian-based payments company, announced in a press release the latest iteration of the team-up late Sunday (July 2), saying it would let customers fr…","Alipay and Tinaba have expanded their partnership to help Italian travelers make payments in Asia.
Tinaba, a Milian-based payments company, announced in a press release the latest iteration of the t… [+2310 chars]",https://www.pymnts.com/partnerships/2023/ant-group-expands-payments-partnership-italy-tinaba/,2023-07-03T14:36:04Z,pymnts.com
68,"SEC Will Eventually Approve Bitcoin Spot ETFs, Anthony Pompliano Believes",Prominent VC investor reckons that recent SEC complaints about Bitcoin ETF filings are just formality,Disclaimer: The opinion expressed here is not investment advice it is provided for informational purposes only. It does not necessarily reflect the opinion of U.Today. Every investment and all tradin… [+3288 chars],https://u.today/sec-will-eventually-approve-bitcoin-spot-etfs-anthony-pompliano-believes-1,2023-07-03T14:28:00Z,U.Today
69,Zimbabwe's stock market is up 800% this year as investors seek shelter from blistering 176% inflation rate,"Local investors see equities there as one way to protect the value of their cash against sky-high inflation, according to a Bloomberg report.","Reserve Bank Of Zimbabwe
<ul>
<li>Zimbabwe's stock market is up roughly 800% in 2023, the world's biggest rally.</li>
<li>The rally has taken shape as the country's annual inflation is up 176%.</li>… [+1817 chars]",https://markets.businessinsider.com/news/stocks/zimbabwe-stock-market-rally-inflation-economy-investors-finance-hedge-100-2023-7,2023-07-03T14:08:20Z,Business Insider
70,CaixaBank launches cross-border payment ‘wallets’,"CaixaBank will become the first Spanish bank to offer a virtual account service for currencies to all companies through the bank’s currency markets platform, FXNow.","CaixaBank will become the first Spanish bank to offer a virtual account service for currencies to all companies through the banks currency markets platform, FXNow.
 The service will offer virtual ac… [+1461 chars]",https://www.finextra.com/newsarticle/42581/caixabank-launches-cross-border-payment-wallets,2023-07-03T14:07:18Z,Finextra
71,"Oil, EVs, And Big Tech Hit The Ground Running In The Second Half","Global markets have kicked off the new quarter with solid gains from Asia to Europe (as previewed last week in ""The Technical Overhang Is Done, July Starts With A Bullish Eruption"") while US equity futures were in the green, with sentiment getting a boost tha…","The economic climate for investors…
The article analyzes stock and…
An unexpected lockdown of Chinas…
By ZeroHedge - Jul 03, 2023, 9:00 AM CDTGlobal markets have kicked off the new quarter with so… [+33081 chars]",https://oilprice.com/Finance/the-Markets/Oil-EVs-And-Big-Tech-Hit-The-Ground-Running-In-The-Second-Half.html,2023-07-03T14:00:00Z,OilPrice.com
72,CleanSpark Issues June 2023 Bitcoin Mining Update,CleanSpark Issues June 2023 Bitcoin Mining Update,"CleanSpark, Inc. (Nasdaq: CLSK), America's Bitcoin Miner, today released its unaudited bitcoin mining and operations update for the month ending June 30, 2023
.
""We made substantial progress growin… [+7167 chars]",https://www.investing.com/news/assorted/cleanspark-issues-june-2023-bitcoin-mining-update-432SI-3118801,2023-07-03T13:02:01Z,Investing.com
73,CleanSpark Releases June 2023 Bitcoin Mining Update,"(marketscreener.com) 

Company mined 1,624 bitcoins during the quarter, while the Company's bitcoin holdings grew 170% quarter over quarter 
LAS VEGAS, July 3, 2023 /PRNewswire/ -- CleanSpark, Inc. , America's Bitcoin Miner™, today released its unaudited bitc…","Company mined 1,624 bitcoins during the quarter, while the Company's bitcoin holdings grew 170% quarter over quarter 
LAS VEGAS, July 3, 2023 /PRNewswire/ -- CleanSpark, Inc. (Nasdaq: CLSK), America… [+7519 chars]",https://www.marketscreener.com/quote/stock/CLEANSPARK-INC-46303597/news/CleanSpark-Releases-June-2023-Bitcoin-Mining-Update-44253245/,2023-07-03T13:01:06Z,Marketscreener.com
74,CleanSpark Releases June 2023 Bitcoin Mining Update,"Company mined 1,624 bitcoins during the quarter, while the Company's bitcoin holdings grew 170% quarter over quarter LAS VEGAS, July 3, 2023 /PRNewswire/ -- CleanSpark, Inc. (Nasdaq: CLSK), America's Bitcoin Miner™, today released its unaudited bitcoin mining…","Company mined 1,624 bitcoins during the quarter, while the Company's bitcoin holdings grew 170% quarter over quarter 
LAS VEGAS, July 3, 2023 /PRNewswire/ -- CleanSpark, Inc. (Nasdaq: CLSK), America… [+7365 chars]",https://www.prnewswire.com/news-releases/cleanspark-releases-june-2023-bitcoin-mining-update-301868651.html,2023-07-03T13:00:00Z,PRNewswire
75,"Asia crypto hubs introduce new bans to lending, staking for retail investors",The Asian crypto hub Singapore and neighboring Thailand have released new directives over the handling of digital assets in two announcements on July 3. Singapore’s six new requirements for crypto businesses The Monetary Authority of Singapore (MAS) issued si…,"The Asian crypto hub Singapore and neighboring Thailand have released new directives over the handling of digital assets in two announcements on July 3.
Singapore’s six new requirements for crypto b… [+5420 chars]",https://cryptoslate.com/singapores-central-bank-bans-lending-and-staking-for-retail-investors/,2023-07-03T12:40:24Z,CryptoSlate
76,Who Owns America?,"On June 21, 2023, the Western Journal reported that an undercover journalist working for the O’Keefe Media Group secretly videoed several interviews with a BlackRock recruiter. (Note: BlackRock is the world’s largest investment firm, it has about $10 trillion…","Skip to comments.
Who Owns America?Rapture Ready ^
 | 7/1/23
 | Daymond Duck
Posted on 07/03/2023 5:39:00 AM PDT by Roman_War_Criminal
On June 21, 2023, the Western Journal reported that an unde… [+16976 chars]",https://freerepublic.com/focus/f-religion/4165185/posts,2023-07-03T12:39:00Z,Freerepublic.com
77,"Bernstein: hay ""muchas opciones"" de que la SEC apruebe el ETF de bitcoin de BlackRock","La negativa de la Comisión de Bolsa y Valores (SEC, por sus siglas en inglés) a las solicitudes para crear fondos cotizados (ETF, por sus siglas en inglés) de bitcoin (BTC) al contado no han minado el optimismo del mercado. Según los analistas de Bernstein, l…","La negativa de la Comisión de Bolsa y Valores (SEC, por sus siglas en inglés) a las solicitudes para crear fondos cotizados (ETF, por sus siglas en inglés) de bitcoin (BTC) al contado no han minado e… [+3860 chars]",https://www.bolsamania.com/noticias/criptodivisas/bernstein-muchas-opciones-sec-apruebe-etf-bitcoin-blackrock--13902430.html,2023-07-03T12:31:47Z,Bolsamania.com
78,"Op-ed: As banks fail and yields stagnate, here are safe places for investors to store cash",Bank failures and interest rate hikes have prompted investors to redeploy their savings in order to generate greater yield while protecting their principal.,"Recent events have prompted investors and businesses to begin redeploying their savings in order to generate greater yield while protecting their principal.
Their options include traditional means s… [+6288 chars]",https://www.cnbc.com/2023/07/03/as-banks-fail-and-yields-stagnate-safe-places-for-investors-cash.html,2023-07-03T12:30:01Z,CNBC
79,Transitioning To The Metaverse: Getting Everyone To Use The Web3 Ecosystem,Getting the next generation to use the Web3 ecosystem will require collaboration and partnership among enterprises to make the tools and applications user-friendly.,"R. Srikumar is the Chief Solutions Officer at Mphasis.
getty
ARPANET, the first wide area packet switched network and precursor to the internet, started in 1969. However, it was not until 1990 when… [+5835 chars]",https://www.forbes.com/sites/forbestechcouncil/2023/07/03/transitioning-to-the-metaverse-getting-everyone-to-use-the-web3-ecosystem/,2023-07-03T12:30:00Z,Forbes
80,First Mover Americas: Traders Place Big Bets on Ether for Second Half of 2023,"The latest price moves in bitcoin (BTC) and crypto markets in context for July 3, 2023. First Mover is CoinDesk’s daily newsletter that contextualizes the latest actions in the crypto markets.","This article originally appeared in First Mover, CoinDesks daily newsletter putting the latest moves in crypto markets in context. Subscribe to get it in your inbox every day.
Ether, the token of th… [+2632 chars]",https://www.coindesk.com/markets/2023/07/03/first-mover-americas-fidelity-joins-the-rush-for-spot-bitcoin-etf/,2023-07-03T12:27:28Z,CoinDesk
81,Bitcoin’s first leveraged ETF starts trading amid SEC’s crypto crackdown,Data from CryptoCompare shows the price of the flagship cryptocurrency Bitcoin (BTC) moved sideways throughout the past week.,"Monday 03 July 2023 1:09 pm
Data from CryptoCompare shows the price of the flagship cryptocurrency Bitcoin (BTC) moved sideways throughout the past week, starting off at $30,400 and briefly moving t… [+4901 chars]",https://www.cityam.com/bitcoins-first-leveraged-etf-starts-trading-amid-secs-crypto-crackdown/,2023-07-03T12:09:10Z,City A.M.
82,Discover the Upcoming CIRICOIN (CIRI) Listing on XT.COM,"SINGAPORE, July 3, 2023 /PRNewswire/ -- XT.COM, the world's first socially infused trading platform, is thrilled to announce the listing of CIRICOIN on its platform in the Innovation zone and the CIRI/USDT trading pair will be open for trading from 2023-07-04…","SINGAPORE, July 3, 2023 /PRNewswire/ -- XT.COM
, the world's first socially infused trading platform, is thrilled to announce the listing of CIRICOIN on its platform in the Innovation zone and the C… [+3245 chars]",https://www.prnewswire.com/news-releases/discover-the-upcoming-ciricoin-ciri-listing-on-xtcom-301868888.html,2023-07-03T11:59:00Z,PRNewswire
83,"La SEC ha obligado a los inversores estadounidenses a invertir en criptoproductos ""tóxicos"" y ""no regulados”, dice Cameron Winklevoss","El cofundador de Gemini, Cameron Winklevoss, dijo que la negativa de la SEC a aprobar un ETF de bitcoin al contado ha sido un ""desastre total y absoluto para los inversores estadounidenses.""
 
Durante la última década, el regulador de valores de Estados Unido…","Durante la última década, el regulador de valores de Estados Unidos ha obligado a los inversores a invertir en criptoproductos ""tóxicos"" y ""no regulados"", afirma el cofundador de Gemini, Cameron Wink… [+3743 chars]",https://es.cointelegraph.com/news/sec-spot-bitcoin-etf-refusal-cameron-winklevoss,2023-07-03T11:30:00Z,Cointelegraph
84,BSV Association Announces Staffing Changes for Q3 2023,"ZUG, Switzerland, July 3, 2023 /PRNewswire/ -- The BSV Association (Bitcoin Association for BSV) is delighted to announce the appointment of three new hires and a series of notable members of staff moving into high profile strategic roles in Q3 2003. BA staff…","ZUG, Switzerland, July 3, 2023 /PRNewswire/ -- The BSV Association (Bitcoin Association for BSV) is delighted to announce the appointment of three new hires and a series of notable members of staff m… [+2070 chars]",https://www.prnewswire.co.uk/news-releases/bsv-association-announces-staffing-changes-for-q3-2023-301868865.html,2023-07-03T11:13:00Z,PR Newswire UK
85,"Bet And Win Smartphones, Laptops And Tvs Within The Fortunate Spring Promotion From 1xbet!","Bet And Win Smartphones, Laptops And Tvs Within The Fortunate Spring Promotion From 1xbet! However, we can not say that every little thing in the poker rooms supplied by 1xBet is truly excellent as none of them can actually be...","However, we can not say that every little thing in the poker rooms supplied by 1xBet is truly excellent as none of them can actually be in comparability with the poker rooms from one of the best webs… [+30944 chars]",https://hplusmagazine.com/2023/07/03/bet-and-win-smartphones-laptops-and-tvs-within-the-2/,2023-07-03T11:10:40Z,Hplusmagazine.com
86,Hong Kong Sets Up Task Force for Web3 Development,"Hong Kong wants to be a Web3 hub , Financial Secretary Paul Chan said.","Please note that ourprivacy policy,terms of use,cookies, anddo not sell my personal informationhas been updated.
The leader in news and information on cryptocurrency, digital assets and the future o… [+538 chars]",https://www.coindesk.com/policy/2023/07/03/hong-kong-sets-up-task-force-for-web3-development/,2023-07-03T11:10:00Z,CoinDesk
87,BSV Association Announces Staffing Changes for Q3 2023,"ZUG, Switzerland, July 3, 2023 /PRNewswire/ -- The BSV Association (Bitcoin Association for BSV) is delighted to announce the appointment of three new hires and a series of notable members of staff moving into high profile strategic roles in Q3 2003. BA staff…","ZUG, Switzerland, July 3, 2023 /PRNewswire/ -- The BSV Association (Bitcoin Association for BSV) is delighted to announce the appointment of three new hires and a series of notable members of staff m… [+2069 chars]",https://www.prnewswire.com/news-releases/bsv-association-announces-staffing-changes-for-q3-2023-301868861.html,2023-07-03T11:08:00Z,PRNewswire
88,Bitfarms Mines 385 BTC in June,"(marketscreener.com) - Miners purchased to ramp up Argentina to its 50 MW capacity -This news release constitutes a “designated news release” for purposes of the Company’s prospectus supplement dated August 16, 2021, to its short form base shelf prospectus da…","- Miners purchased to ramp up Argentina to its 50 MW capacity -
This news release constitutes a “designated news release” for purposes of the Company’s prospectus supplement dated August 16, 2021, t… [+15184 chars]",https://www.marketscreener.com/quote/stock/BITFARMS-LTD-62037823/news/Bitfarms-Mines-385-BTC-in-June-44252095/,2023-07-03T11:01:02Z,Marketscreener.com
89,Bitfarms Mines 385 BTC in June,- Miners purchased to ramp up Argentina to its 50 MW capacity - - Miners purchased to ramp up Argentina to its 50 MW capacity -,"This news release constitutes a designated news release for purposes of the Companys prospectus supplement dated August 16, 2021, to its short form base shelf prospectus dated August 12, 2021.
TORON… [+15052 chars]",https://www.globenewswire.com/news-release/2023/07/03/2698434/0/en/Bitfarms-Mines-385-BTC-in-June.html,2023-07-03T11:00:00Z,GlobeNewswire
90,Probability for U.S. Approval of a Spot Bitcoin ETF Is Fairly High: Bernstein,"The lack of a spot ETF leads to the growth of over-the-counter products like the Grayscale Bitcoin Trust, which are more expensive, illiquid and inefficient, the report said.","The U.S. Securities and Exchange Commissions (SEC) stance on spot bitcoin (BTC) exchange-traded-funds (ETF) is a difficult one to hold, and the probability for approval is fairly high, brokerage firm… [+2002 chars]",https://www.coindesk.com/policy/2023/07/03/probability-for-us-approval-of-a-spot-bitcoin-etf-is-fairly-high-bernstein/,2023-07-03T10:52:39Z,CoinDesk
91,"Ripple Unlocks One Billion XRP From Escrow, Here's Impact on Price",Ripple conducted another XRP token unlock to force price slip,Disclaimer: The opinion expressed here is not investment advice it is provided for informational purposes only. It does not necessarily reflect the opinion of U.Today. Every investment and all tradin… [+1867 chars],https://u.today/ripple-unlocks-one-billion-xrp-from-escrow-heres-impact-on-price,2023-07-03T10:46:00Z,U.Today
92,"Singapore Regulator Bans Crypto Exchanges from Lending, Staking for Retail Investors","Alongside the staking and lending ban, crypto exchanges are expected to keep user funds in a Trust.","Singapore is enforcing new crypto consumer protection measures as the city-state continues applying regulation to its burgeoning crypto industry, according to a report by Bloomberg. 
Chief among the… [+2759 chars]",https://decrypt.co/147091/singapore-regulator-bans-crypto-exchanges-from-lending-staking-retail-investors,2023-07-03T10:43:33Z,Decrypt
93,Global Fintech Market Research 2023: A Bundled Research Offering of 5 Reports,"DUBLIN, July 3, 2023 /PRNewswire/ -- The ""Fintech Market Research Subscription 2023: Market Forecasts, Market Sectors, Market Driving Forces, Regional Analysis, and Leading Companies Analysis"" report from Wintergreen Research, Inc has been added to ResearchAn…","DUBLIN, July 3, 2023 /PRNewswire/ -- The ""Fintech Market Research Subscription 2023: Market Forecasts, Market Sectors, Market Driving Forces, Regional Analysis, and Leading Companies Analysis"" report… [+5364 chars]",https://www.prnewswire.com/news-releases/global-fintech-market-research-2023-a-bundled-research-offering-of-5-reports-301868817.html,2023-07-03T10:00:00Z,PRNewswire
94,Week begins with green candles as Ethereum breaks out,"Bitcoin continues its sideways momentum, holding steady above $30,600, with the majority of the large caps up in the last 24 hours.","Monday 03 July 2023 10:54 am
The divergence that was forming between Bitcoin and Ethereum has diminished as the original smart contracts crypto is up another 2.8% on the day and trading just under $… [+3704 chars]",https://www.cityam.com/week-begins-with-green-candles-as-ethereum-breaks-out/,2023-07-03T09:54:15Z,City A.M.
95,Belarus planning to ban P2P crypto transactions,Belarusian President Alexander Lukashenko in 2022 signed a decree allowing free circulation of cryptocurrencies like Bitcoin in the country. The announcement somewhat seems to contradict the previous stand that Belarus has had on cryptocurrencies. If effected…,"Please be aware that some of the links on this site will direct you to the websites of third parties, some of whom are marketing affiliates and/or business partners of this site and/or its owners, op… [+2173 chars]",https://coinjournal.net/news/belarus-planning-to-ban-p2p-crypto-transactions/,2023-07-03T09:54:09Z,Coinjournal.net
96,Medical Technologies Market size to grow at a CAGR of 8.3% from 2022 to 2027|Frequent product launches in IVDs to be a major driver - Technavio,"NEW YORK, July 3, 2023 /PRNewswire/ -- The medical technologies market is set to grow by USD 313 billion from 2022 to 2027. The market will be progressing at a CAGR of 8.3% during the forecast period. The report offers an up-to-date analysis regarding the cur…","NEW YORK, July 3, 2023 /PRNewswire/ -- The medical technologies market is set to grow by USD 313 billion from 2022 to 2027. The market will be progressing at a CAGR of 8.3% during the forecast period… [+26820 chars]",https://www.prnewswire.com/news-releases/medical-technologies-market-size-to-grow-at-a-cagr-of-8-3-from-2022-to-2027frequent-product-launches-in-ivds-to-be-a-major-driver---technavio-301868814.html,2023-07-03T09:47:00Z,PRNewswire
97,Operational Technology Security Market will accelerate at a CAGR of 15.97% through 2022-2027|Rising need to improve business efficiency to boost market growth- Technavio,"NEW YORK, July 3, 2023 /PRNewswire/ -- The operational technology security market size is estimated to increase by USD 17,756.09 million from 2022 to 2027, with a CAGR of 15.97%, according to a recent market study by Technavio. This report also offers a 5-yea…","NEW YORK, July 3, 2023 /PRNewswire/ -- The operational technology security market size is estimated to increase by USD 17,756.09 million from 2022 to 2027, with a CAGR of 15.97%, according to a recen… [+28653 chars]",https://www.prnewswire.com/news-releases/operational-technology-security-market-will-accelerate-at-a-cagr-of-15-97-through-2022-2027rising-need-to-improve-business-efficiency-to-boost-market-growth--technavio-301868134.html,2023-07-03T09:45:00Z,PRNewswire
98,EU confirms digital euro plans with draft bill – DW,"The European Commission publishes draft legislation on the digital euro. The putative currency, which would be an electronic 'complement' to the physical euro itself, could come into use as early as 2026. The European Commission this week publish legislation …","The European Commission publishes draft legislation on the digital euro. The putative currency, which would be an electronic 'complement' to the physical euro itself, could come into use as early as … [+349 chars]",https://biztoc.com/x/cbe10034d30ededa,2023-07-03T09:36:06Z,Biztoc.com
99,"Winklevoss acusa a la SEC de favorecer el crecimiento de 'criptos' ""tóxicas""","El cofundador de la criptobolsa Gemini, Cameron Winklevoss, ha asegurado que la falta de regulación proporcionada por la Comisión de Bolsa y Valores (SEC, por sus siglas en inglés) ha provocado episodios como el colapso de FTX, ya que ha empujado a los invers…","El cofundador de la criptobolsa Gemini, Cameron Winklevoss, ha asegurado que la falta de regulación proporcionada por la Comisión de Bolsa y Valores (SEC, por sus siglas en inglés) ha provocado episo… [+3981 chars]",https://www.bolsamania.com/noticias/criptodivisas/winklevoss-acusa-sec-crecer-criptos-toxicas--13899824.html,2023-07-03T09:09:38Z,Bolsamania.com
